word,freq
policies procedures,719
bachelor degree,619
years experience,520
communication skills,506
compliance officer,481
equal opportunity,470
risk management,438
skills ability,412
ability work,400
laws regulations,393
national origin,384
sexual orientation,381
compliance program,365
opportunity employer,364
gender identity,340
regulatory compliance,334
regulatory requirements,321
attention detail,318
veteran status,303
internal external,293
federal state,292
job description,287
race color,276
problem solving,276
ensure compliance,271
team members,264
orientation gender,264
5 years,263
fast paced,250
3 years,240
without regard,240
compliance risk,236
dental vision,236
financial services,236
color religion,230
related field,229
rules regulations,215
medical dental,213
including limited,211
regard race,211
compliance specialist,210
written verbal,209
e g,208
qualified applicants,205
full time,205
work experience,202
salary range,201
401 k,201
microsoft office,195
must able,193
compliance related,191
duties responsibilities,190
2 years,190
long term,186
job job,185
life insurance,183
qualifications bachelor,183
financial analyst,182
work independently,180
work environment,179
working knowledge,174
education experience,174
paid time,173
experience working,172
project management,168
verbal written,166
senior management,165
new york,165
united states,162
written communication,162
compliance team,160
compliance issues,160
trade compliance,160
state local,160
financial analysis,154
best practices,154
religion sex,153
interpersonal skills,152
ad hoc,152
marital status,151
analytical skills,151
base salary,149
subject matter,148
due diligence,147
decision making,146
third party,145
internal controls,145
state federal,144
protected veteran,144
equal employment,143
products services,143
skills experience,141
internal audit,140
cross functional,139
essential functions,139
employment without,139
compliance requirements,138
verbal communication,138
join team,138
finance accounting,137
management skills,137
duties assigned,136
organizational skills,136
solving skills,136
business units,135
per year,135
accounting finance,134
reasonable accommodation,134
compliance training,133
customer service,132
sex sexual,131
strong analytical,131
compliance manager,130
experience preferred,130
receive consideration,129
compliance experience,129
genetic information,129
paced environment,128
applicants receive,128
risk assessment,128
compliance policies,126
knowledge skills,125
consideration employment,125
day day,124
risk assessments,124
benefits package,123
skills strong,120
broker dealer,120
word excel,120
corporate compliance,119
compliance applicable,118
affirmative action,116
degree business,116
ideal candidate,116
excellent written,114
work closely,114
detail oriented,111
compliance analyst,111
chief compliance,110
individuals disabilities,110
compliance regulatory,110
applicable laws,110
compliance department,110
human resources,109
reasonable accommodations,109
perform essential,109
paid holidays,109
bsa aml,106
quality assurance,106
experience financial,106
credit union,105
special projects,103
financial statements,102
term disability,102
relevant experience,99
excel powerpoint,99
financial planning,98
employment opportunity,98
status protected,96
strong attention,96
compliance programs,96
office suite,95
time management,95
risk compliance,94
corrective action,94
may include,93
years relevant,93
high quality,92
skills abilities,92
business partners,92
4 years,92
management compliance,92
compliance management,91
degree accounting,91
ability manage,91
senior financial,90
experience required,90
identity expression,90
parental leave,90
real estate,89
money laundering,89
origin disability,89
develop maintain,88
develop implement,88
identity national,88
essential duties,88
job summary,88
excellent communication,88
demonstrated ability,88
manage multiple,87
team environment,87
timely manner,87
10 years,86
degree equivalent,86
action plans,86
related experience,86
responsibilities include,85
management experience,84
characteristic protected,84
protected law,84
7 years,84
compliance risks,84
development implementation,83
skills excellent,83
degree finance,83
ability communicate,83
company policies,83
team player,82
health care,82
join us,82
tuition reimbursement,81
business administration,81
key responsibilities,80
law firm,80
financial reporting,80
application process,80
requirements bachelor,79
experience compliance,79
preferred qualifications,79
oral written,79
corrective actions,78
degree preferred,77
applicable law,77
employer qualified,77
quality control,77
self starter,77
health safety,77
legal regulatory,77
job title,76
strong understanding,75
legal compliance,75
financial institution,74
business unit,74
please contact,74
high level,74
processes procedures,74
able work,73
export compliance,73
disability veteran,73
compliance matters,73
covid 19,73
regulatory changes,73
opportunity affirmative,73
compliance activities,73
job responsibilities,73
race religion,73
matter expert,73
regulatory agencies,73
supply chain,73
comprehensive benefits,72
successful candidate,72
degree required,72
short term,72
microsoft excel,72
compliance testing,72
financial information,71
https www,71
computer skills,71
competitive compensation,71
anti money,71
assistance program,70
services industry,70
process improvements,70
status disability,70
compliance monitoring,70
disability status,70
multi task,70
every day,70
information security,69
functional teams,69
written oral,69
global trade,69
analytical problem,69
include limited,69
wide range,68
proficiency microsoft,68
action employer,68
3 5,68
point contact,68
management system,68
preferred experience,68
strong communication,68
strong knowledge,67
vision insurance,67
ethics compliance,67
pay range,67
skills including,67
origin age,67
job details,67
business processes,66
company paid,66
excellent verbal,66
internal audits,66
ms office,66
high school,65
core values,65
asset management,65
may required,65
import export,65
finance business,65
job duties,65
financial models,64
financial data,64
financial modeling,64
sex national,64
process improvement,64
investment banking,64
please note,64
master degree,64
provide guidance,64
perform duties,63
experience education,63
around world,63
western alliance,63
job functions,63
local laws,63
experience knowledge,63
work life,63
school diploma,63
diversity inclusion,63
business needs,63
ability effectively,63
additional information,62
bank secrecy,62
detail ability,62
age disability,62
management team,62
compensation benefits,62
track record,62
clicking apply,62
critical thinking,61
combination education,61
continuous improvement,61
minimum qualifications,61
data analysis,61
total rewards,61
secrecy act,61
employee assistance,61
assist development,60
provide support,60
job related,60
meet deadlines,60
religion age,59
north america,59
want learn,59
apply button,59
experience plus,59
month end,59
business development,59
identify potential,59
may vary,59
retirement plan,59
flexible spending,59
cash flow,59
ensuring compliance,59
strong organizational,59
years related,59
part team,58
e verify,58
physical demands,57
working relationships,57
color national,57
change management,57
equivalent combination,57
multiple tasks,57
prior experience,57
proud equal,57
position responsible,56
experience bachelor,56
please visit,56
interpersonal communication,56
disability protected,56
local law,55
equivalent experience,55
across organization,55
compliance reviews,55
internal stakeholders,55
diversity equity,55
communicate effectively,55
lines business,55
easy apply,54
range position,54
regulatory reporting,54
strong interpersonal,54
wells fargo,54
company match,54
financial institutions,54
excel word,54
compliance audit,54
apply clicking,54
global compliance,54
linkedin page,54
type full,54
credit risk,54
role jobot,54
follow linkedin,54
logo follow,54
excellent analytical,54
jobot logo,54
click jobot,54
jobot click,54
learn role,54
disability insurance,54
capital markets,54
flexible work,54
essential job,53
minimum 3,53
senior compliance,53
knowledge experience,53
proficient microsoft,53
3 days,53
skills required,53
000 per,53
minimum 5,53
years compliance,53
life balance,53
education bachelor,52
program including,52
board directors,52
experience minimum,52
ability analyze,52
gender expression,52
industry experience,52
investment management,52
benefits include,52
planning analysis,52
aml ofac,52
equity inclusion,52
levels organization,51
physical mental,51
offer competitive,51
employees applicants,51
high degree,51
non compliance,51
multiple projects,51
environment ability,51
compliance function,51
required experience,51
suspicious activity,51
finance related,51
monthly quarterly,51
competitive salary,51
religion color,51
dental insurance,51
ability multi,50
financial performance,50
management program,50
position requires,50
factors including,50
required qualifications,50
equivalent work,50
compliance legal,50
requirements including,50
regulations including,50
work home,50
financial reports,50
proven ability,50
may made,49
new jersey,49
regulatory filings,49
developing implementing,49
skills attention,49
industry standards,49
root cause,49
ability handle,49
series 7,49
health insurance,49
communication interpersonal,49
must possess,49
compensation package,48
compliance laws,48
paid parental,48
work performed,48
make recommendations,48
work schedule,48
marketing materials,48
package including,48
work effectively,48
ensure timely,48
experience strong,48
within organization,48
risk control,48
assist preparation,48
laws rules,48
make difference,48
work well,48
procedures ensure,47
previous experience,47
minimal supervision,47
applicable federal,47
legally protected,47
business finance,47
presentation skills,47
job position,47
compliance federal,47
external stakeholders,47
perform job,47
basis race,46
timely accurate,46
annual compliance,46
qualified candidates,46
senior leadership,46
training programs,46
base pay,46
quality management,46
discriminate basis,46
product development,46
professional development,46
external audits,46
quarterly annual,46
related compliance,46
made enable,45
protected applicable,45
support business,45
experience using,45
related issues,45
risk based,45
responsible ensuring,45
public accounting,45
employment opportunities,45
internal policies,45
compliance audits,45
compliance initiatives,45
working conditions,45
cross functionally,44
hybrid work,44
work location,44
state regulations,44
export control,44
qualifications experience,44
deutsche bank,44
strong written,44
committed providing,44
pay transparency,44
process please,44
6 years,44
accommodations may,44
remote work,44
employer discriminate,44
per week,44
accounting principles,44
related matters,44
working environment,43
2 3,43
self motivated,43
apply today,43
position summary,43
work collaboratively,43
employer committed,43
driver license,43
provide compliance,43
total compensation,43
data analytics,43
company compliance,43
disabilities perform,43
000 00,43
federal regulations,43
oral communication,43
experience qualifications,43
wide variety,43
benefits including,43
maintain compliance,43
status sexual,43
officer responsible,43
based upon,42
line business,42
health savings,42
origin ancestry,42
diverse workforce,42
registered investment,42
days per,42
business operations,42
ability maintain,42
projects assigned,42
state regulatory,42
key stakeholders,42
strongly preferred,42
two years,42
gender gender,41
1 3,41
new business,41
compliance support,41
job company,41
ability identify,41
skills knowledge,41
enable individuals,41
business lines,41
ability travel,41
skills must,41
experience experience,41
state laws,41
may also,41
operating procedures,41
office environment,41
vision life,41
rewards package,41
short long,40
business process,40
business activities,40
world class,40
applicable regulatory,40
reporting requirements,40
vary based,40
accounting experience,40
position also,40
savings plan,40
discrimination harassment,40
leadership team,40
information technology,40
minimum 2,40
health wellness,40
external auditors,40
status veteran,40
analyst responsible,40
highly motivated,40
york city,40
team member,40
providing guidance,40
word powerpoint,39
offers competitive,39
u bank,39
preferred required,39
status characteristic,39
excellent interpersonal,39
experience training,39
8 years,39
education training,39
compliance regulations,39
hiring process,39
communities serve,39
training development,39
job compliance,39
package includes,39
experience managing,39
healthcare compliance,39
analyze interpret,39
identity gender,39
bank compliance,39
mental health,39
business management,39
professional experience,38
resolve issues,38
wealth management,38
job client,38
consumer compliance,38
k plan,38
los angeles,38
position may,38
fair lending,38
develops maintains,38
hours per,38
high risk,38
ensure adherence,38
clear concise,38
operational risk,38
1 year,38
general ledger,38
help clients,38
functions job,38
ability prioritize,38
regulatory environment,38
variance analysis,38
data privacy,38
advanced knowledge,38
analysis reporting,38
compliance committee,38
contract compliance,38
retirement savings,38
job overview,37
personal information,37
solid understanding,37
spending accounts,37
microsoft word,37
career growth,37
strong verbal,37
across multiple,37
related duties,37
100 000,37
qualifications minimum,37
board learn,37
job board,37
internal control,37
job location,37
firm compliance,37
1 2,37
external customers,37
third parties,37
contact us,37
job sourced,37
candidates must,37
sourced job,37
committed creating,37
legal department,37
applicable regulations,37
place work,37
experience skills,37
five years,37
financial management,37
development opportunities,37
code conduct,37
role responsible,37
ability understand,37
wellness program,36
physical requirements,36
health dental,36
support compliance,36
role also,36
handle multiple,36
enterprise wide,36
performs duties,36
advanced degree,36
age sex,36
alliance bancorporation,36
competitive benefits,36
work ethic,36
range role,36
writing skills,36
able perform,36
complex issues,36
eeo law,36
accurate timely,36
chief financial,36
effective compliance,36
work united,36
risk mitigation,36
alliance bank,36
ability develop,36
analyze financial,35
growing team,35
industry trends,35
regulatory guidance,35
identify trends,35
monday friday,35
basis protected,35
work team,35
financial officer,35
ability interpret,35
new products,35
excellent organizational,35
audit compliance,35
terms conditions,35
general counsel,35
job type,35
local state,35
quality risk,35
level work,35
candidate must,35
first line,35
experience equivalent,35
federal laws,35
savings account,35
information systems,35
excel skills,35
regulations standards,35
ability learn,35
knowledge understanding,34
please apply,34
affordable housing,34
levels management,34
compliance functions,34
ability apply,34
advice guidance,34
degree accredited,34
activities including,34
management systems,34
growth opportunities,34
second line,34
diverse inclusive,34
data management,34
accounting related,34
work fast,34
competitive pay,34
90 000,34
origin gender,34
individual must,34
business decisions,34
matter expertise,34
applicants without,34
proven track,34
end end,34
team compliance,34
conduct compliance,34
basic qualifications,34
industry best,34
skills proficient,34
consider qualified,34
additional responsibilities,33
line defense,33
experience accounting,33
analyst join,33
medical device,33
excellent oral,33
legal team,33
stock purchase,33
professional manner,33
legal requirements,33
business partner,33
ensure proper,33
business objectives,33
enterprise risk,33
compliance processes,33
employment eligibility,33
home office,33
years financial,33
management reporting,33
applicants employment,33
5 7,33
effectively communicate,33
small business,33
learn new,33
skills written,33
color sex,33
insurance company,33
code ethics,33
understanding financial,33
specialist responsible,33
regulations industry,33
strong working,33
required minimum,33
new product,32
inclusive environment,32
protected status,32
ms excel,32
team oriented,32
responsible providing,32
may eligible,32
financial operational,32
compliance role,32
vice president,32
bachelors degree,32
legal advice,32
accounts receivable,32
annual bonus,32
ability read,32
compliance internal,32
assigned qualifications,32
age marital,32
provides guidance,32
multiple priorities,32
regarding compliance,32
authorized work,31
oriented ability,31
visit www,31
powered jazzhr,31
help us,31
emerging risks,31
office applications,31
business related,31
government agencies,31
knowledge microsoft,31
expression age,31
generous paid,31
mental disability,31
client service,31
city national,31
team role,31
three years,31
employee benefits,31
build maintain,31
research analysis,31
provide legal,31
monitoring reporting,31
benefits perks,31
life disability,31
proven experience,31
compliance reports,31
international trade,31
days office,31
good standing,31
potential compliance,31
title compliance,31
seeking compliance,31
grow career,31
com careers,31
medical condition,31
provides equal,31
audit findings,31
disability genetic,30
religion national,30
discretionary bonus,30
protected federal,30
highly preferred,30
record keeping,30
provide recommendations,30
compensation information,30
job requirements,30
employee stock,30
internal compliance,30
incentive compensation,30
audit experience,30
privacy policy,30
monitoring testing,30
field equivalent,30
private equity,30
geographic location,30
award winning,30
jpmorgan chase,30
functional areas,30
applicants employees,30
business leaders,30
ensure accuracy,30
risk appetite,30
complex financial,30
business line,30
strategic initiatives,30
eligible employees,30
interview process,30
regulations policies,30
basic knowledge,30
professional growth,30
program compliance,30
2 days,30
compliance operations,30
management ability,30
investment adviser,30
manager responsible,30
three 3,30
investment advisers,30
join growing,30
new existing,30
including pregnancy,30
compliance efforts,29
experience within,29
social media,29
across business,29
best class,29
areas compliance,29
effective communication,29
accounting economics,29
responsible assisting,29
please email,29
bit us,29
communications skills,29
primary location,29
data driven,29
related activities,29
veterans disabled,29
inclusive workplace,29
inclusive culture,29
required skills,29
please click,29
environment strong,29
world leading,29
paid vacation,29
pre employment,29
religion gender,29
including medical,29
position eligible,29
skills qualifications,29
please see,29
compliance standards,29
age national,29
ensure accurate,29
experience 2,29
including ability,29
degree related,29
depth knowledge,29
value diversity,29
business continuity,29
highly organized,29
high volume,29
finance team,29
confidential information,29
relationship management,28
aml bsa,28
insurance coverage,28
qualified individuals,28
assist compliance,28
complex problems,28
balance sheet,28
required bachelor,28
finance economics,28
gender sexual,28
individual disability,28
accordance applicable,28
ability build,28
calendar year,28
strong work,28
required education,28
san francisco,28
qualifications education,28
internal business,28
interested hearing,28
accounts payable,28
duties may,28
within team,28
support company,28
quality compliance,28
credit analyst,28
regulations applicable,28
successfully perform,28
regulatory affairs,28
skill set,28
regulatory matters,28
standard operating,28
days week,28
ability perform,28
job posting,28
services firm,28
establish maintain,28
training program,28
compliance plan,28
experience including,28
plus strong,28
full service,28
support development,28
regardless race,28
preferred minimum,28
identity genetic,28
prepare reports,28
ensure appropriate,28
programs including,28
qualifications skills,28
insurance short,28
field preferred,28
key business,27
areas improvement,27
sending us,27
committed equal,27
certification preferred,27
monitor compliance,27
us resume,27
financial industry,27
resume salary,27
implementation new,27
background check,27
accounting business,27
strong project,27
management firm,27
collaborate cross,27
page job,27
jobot job,27
identity sexual,27
job hosted,27
role requires,27
citizenship status,27
p l,27
fit easy,27
data collection,27
regulatory issues,27
relevant work,27
director compliance,27
direct reports,27
law school,27
annual review,27
button sending,27
regulatory bodies,27
product compliance,27
key performance,27
required ability,27
button want,27
hearing easy,27
pivot tables,27
knowledge applicable,27
ability organize,27
operations compliance,27
company description,27
policies processes,27
make impact,27
changing priorities,27
job want,27
term long,27
year bit,27
director quality,27
currently seeking,27
hybrid schedule,27
responsibilities assist,27
tuition assistance,27
responsibilities position,27
protection act,27
compliance reporting,27
culture compliance,27
desired skills,26
domestic international,26
accuracy completeness,26
minimum requirements,26
skills demonstrated,26
hands experience,26
military status,26
maintain strong,26
career opportunities,26
regulatory change,26
1 years,26
public health,26
identify opportunities,26
status pregnancy,26
detail strong,26
external audit,26
financial statement,26
cause analysis,26
sound judgment,26
fixed income,26
position reports,26
travel required,26
duties include,26
various departments,26
compliance review,26
industry leading,26
assist developing,26
client relationships,26
policy procedure,26
regulatory developments,26
work cross,26
act 1940,26
regulations guidelines,26
york ny,26
sex gender,26
banking regulations,26
review process,26
legal issues,26
paid life,26
must ability,26
including health,26
advanced excel,26
000 employees,26
providing reasonable,26
duties job,26
regulatory inquiries,26
customer experience,26
journal entries,26
sec finra,26
related policies,26
ability interact,26
performing duties,26
responsible supporting,26
potential risks,26
candidate experience,26
projects initiatives,26
auditing monitoring,26
diploma ged,26
identify areas,26
company overview,26
ensures compliance,26
accounting financial,26
patriot act,26
office products,26
financial crime,25
college degree,25
operational processes,25
company wide,25
part time,25
compliance ethics,25
research compliance,25
verify program,25
positive attitude,25
procedures processes,25
management related,25
within financial,25
experience preferably,25
manner consistent,25
leadership skills,25
officer join,25
practices procedures,25
findings recommendations,25
technology solutions,25
continuing education,25
potential areas,25
employer match,25
great place,25
compensation may,25
skills able,25
governance risk,25
analytical organizational,25
competitive total,25
corebridge financial,25
job successfully,25
managing multiple,25
monitoring compliance,25
federal reserve,25
legal counsel,25
preferred ability,25
tax compliance,25
provide advice,25
hoc projects,25
primary responsibilities,25
company culture,25
employment qualified,25
position overview,25
conditions employment,25
firm policies,25
strong relationships,25
sex age,25
five 5,25
information please,25
origin religion,25
drug free,25
review approve,25
knowledge federal,25
job senior,25
ethical standards,25
excel outlook,25
industry knowledge,25
global leader,25
knowledge regulatory,25
sick time,25
analysis support,25
thorough understanding,25
responsibilities may,25
make decisions,25
compliance projects,25
need assistance,25
compliance state,25
analyst role,25
aml compliance,25
orientation age,25
knowledge financial,25
complex business,24
ability collaborate,24
nature level,24
diploma equivalent,24
travel may,24
export import,24
business practices,24
reports senior,24
ensure company,24
benefits medical,24
mitigation strategies,24
company policy,24
audit reports,24
internal departments,24
related business,24
experience conducting,24
implementation compliance,24
regulatory examinations,24
policies standards,24
growth development,24
business areas,24
compliance director,24
systems processes,24
usa patriot,24
information regarding,24
learn grow,24
outside counsel,24
drug alcohol,24
compliance controls,24
successfully individual,24
quality work,24
budgeting forecasting,24
ms word,24
status genetic,24
extensive knowledge,24
manage compliance,24
procedures training,24
compliance compliance,24
business acumen,24
excellent benefits,24
organization skills,24
regulatory obligations,24
health well,24
pet insurance,24
powerpoint outlook,24
develops implements,24
cost accounting,24
75 000,24
provide financial,24
team responsible,24
field required,24
control environment,24
applicable state,24
one world,24
also offer,24
risk officer,24
one largest,24
ongoing compliance,24
working closely,24
makes recommendations,24
experience developing,24
policies practices,24
effectively manage,24
contact information,24
protected veterans,23
annual budget,23
college university,23
regulations related,23
bank policies,23
across company,23
disability age,23
procedures compliance,23
training experience,23
experience requirements,23
also eligible,23
work schedules,23
procedures controls,23
career development,23
reporting analysis,23
business knowledge,23
free workplace,23
great opportunity,23
mutual funds,23
matter experts,23
maintain effective,23
changing environment,23
design implementation,23
also responsible,23
purchase plan,23
laundering aml,23
opportunity join,23
strong problem,23
process including,23
support team,23
internal auditor,23
law poster,23
financial accounting,23
sensitive information,23
experience investment,23
strong computer,23
finra series,23
request accommodation,23
financial results,23
management business,23
position work,23
performance indicators,23
undergraduate degree,23
leading global,23
analyze data,23
financial advisors,23
experience 5,23
property management,23
regulations regulatory,23
status status,23
responsible managing,23
management practices,23
responsible developing,23
privacy notice,23
internal investigations,23
training materials,23
part application,23
works closely,23
external internal,23
thinking skills,23
one year,23
adoption assistance,23
product management,23
would like,23
military veteran,23
critical role,22
preferred strong,22
compliance professional,22
vacation sick,22
sense urgency,22
trade regulations,22
position must,22
finra sec,22
years work,22
time employees,22
insurance 401,22
process ensure,22
learn job,22
investment bank,22
applicants must,22
experience job,22
non profit,22
apply position,22
role based,22
lead compliance,22
age sexual,22
iso 9001,22
processes ensure,22
resource groups,22
knowledge skill,22
employee applicant,22
consumer protection,22
related work,22
preferred knowledge,22
general nature,22
unsolicited resumes,22
accredited law,22
duties required,22
5 10,22
years service,22
training new,22
juris doctor,22
oil gas,22
responsibilities conduct,22
responsibilities duties,22
equivalent required,22
position based,22
results oriented,22
financial crimes,22
product safety,22
individual performance,22
phoenix az,22
help build,22
written interpersonal,22
managing compliance,22
experience 3,22
power bi,22
strong sense,22
insurance paid,22
status legally,22
senior analyst,22
responsibilities develop,22
may change,22
requirements may,22
advisers act,22
hybrid remote,22
environment excellent,22
business compliance,22
dynamic environment,22
organizational time,22
innovative solutions,22
relevant laws,22
perform compliance,21
risk controls,21
job application,21
learning development,21
areas responsibility,21
guidance support,21
limited supervision,21
competitive salaries,21
location position,21
making skills,21
85 000,21
health benefits,21
dealer compliance,21
executive management,21
respond inquiries,21
110 000,21
assists development,21
competing priorities,21
ability create,21
work across,21
ability establish,21
corporate finance,21
disability sexual,21
performance based,21
privacy security,21
maintain accurate,21
independent judgment,21
status age,21
eligible participate,21
procedures related,21
insurance industry,21
provide timely,21
based experience,21
ability make,21
standards conduct,21
knowledge compliance,21
experience must,21
gender national,21
senior level,21
projects needed,21
business stakeholders,21
may assigned,21
certified regulatory,21
salary position,21
70 000,21
departments ensure,21
benefits competitive,21
compliance including,21
7 24,21
firm seeking,21
development maintenance,21
securities laws,21
risks associated,21
fair chance,21
procedures including,21
high growth,21
portfolio management,21
role responsibilities,21
preferred skills,21
need reasonable,21
maintain confidentiality,21
skills proficiency,21
communication presentation,21
data entry,21
bonus program,21
experience ability,21
strategic planning,21
regularly required,21
vendor management,21
role compliance,21
reports management,21
range benefits,21
responsibilities compliance,21
business strategy,21
anti bribery,21
provides support,21
market data,21
create maintain,21
skills advanced,21
criminal histories,21
policy procedures,21
anti corruption,21
requires ability,21
exhaustive list,21
build career,21
responsibilities provide,21
401k match,21
financial products,21
life sciences,21
achieve goals,21
industry regulatory,21
mitigate risks,21
benefits programs,21
compliance within,21
skills microsoft,21
required knowledge,21
dependent care,21
ability influence,21
implementation maintenance,21
analysis experience,21
various business,21
regular basis,21
described representative,21
preferred excellent,21
service providers,21
internally externally,21
risks controls,21
us compliance,21
experience leading,21
broad range,21
safety requirements,21
expression sexual,21
meet needs,21
required perform,21
employment type,21
integral part,21
develop deliver,20
responsibilities support,20
business risk,20
assist implementation,20
excellent customer,20
revenue cycle,20
proficient ms,20
experience risk,20
accommodation please,20
office location,20
process need,20
various compliance,20
strong financial,20
6 months,20
provide training,20
concise manner,20
email resume,20
general business,20
email address,20
leadership experience,20
compliance questions,20
work us,20
federal law,20
collaborative environment,20
required must,20
year end,20
competitive base,20
accommodation application,20
root causes,20
job family,20
management information,20
must willing,20
hybrid role,20
work within,20
ensure regulatory,20
recommendations management,20
tight deadlines,20
senior director,20
age race,20
origin sexual,20
self directed,20
insurance disability,20
adherence regulatory,20
supervisory responsibilities,20
commensurate experience,20
analysis financial,20
processes including,20
legal documents,20
compliance oversight,20
audit risk,20
experience excellent,20
career opportunity,20
determined based,20
throughout organization,20
least one,20
regulation w,20
conduct regular,20
experience microsoft,20
management process,20
compensation range,20
talent acquisition,20
processes systems,20
business functions,20
providing compliance,20
investment advisory,20
technical skills,20
comfortable working,20
fortune 500,20
eligibility requirements,20
internal teams,20
year experience,20
project teams,20
status quo,20
morgan stanley,20
live work,20
controls monitoring,20
wide compliance,20
years professional,20
come join,20
monitoring program,20
3rd party,20
law enforcement,20
time paid,20
key risk,20
business performance,20
representative knowledge,20
must meet,20
comprehensive health,20
personal trading,20
offer comprehensive,20
property casualty,20
religion creed,20
role work,20
role may,20
requirements listed,20
job reasonable,20
read analyze,20
compliance associate,20
development team,20
head compliance,20
determine compliance,20
sex including,20
time including,20
regulations laws,19
deep understanding,19
accommodation complete,19
experience may,19
salary ranges,19
free trade,19
global financial,19
advisory services,19
minimum two,19
may impact,19
regulations ability,19
paid sick,19
required strong,19
professional services,19
administrative support,19
status marital,19
financial professionals,19
review approval,19
detail accuracy,19
complies applicable,19
management teams,19
harmonized tariff,19
compliance company,19
corporate regulatory,19
processes controls,19
global team,19
seeking experienced,19
teams provide,19
include medical,19
disability coverage,19
limited following,19
years regulatory,19
regulatory agency,19
require reasonable,19
good faith,19
controls risk,19
corporate office,19
eligible annual,19
program requirements,19
commercial banking,19
protected characteristics,19
company discriminate,19
opportunity work,19
degree minimum,19
risk related,19
controls compliance,19
financial markets,19
ability use,19
goldman sachs,19
key role,19
fully remote,19
compliance relevant,19
growing company,19
sox compliance,19
prepare review,19
departments within,19
issues related,19
job applicants,19
wellness programs,19
business initiatives,19
cook county,19
implement maintain,19
regulations internal,19
goals objectives,19
work compliance,19
location new,19
teams including,19
reporting tools,19
remediation plans,19
retirement plans,19
requirements ability,19
encourage apply,19
eligibility verification,19
projects simultaneously,19
regulatory legal,19
ability obtain,19
cover letter,19
talented people,19
must met,19
required job,19
export administration,19
rapidly growing,19
reach hands,19
written supervisory,19
applicable rules,19
per calendar,19
four years,19
general compliance,19
impact business,19
pay rate,19
plans address,19
skill ability,19
qualifications required,19
support strategic,19
visa sponsorship,19
hr compliance,19
investment advisor,19
consumer lending,19
including compliance,19
business support,19
ensure business,19
time pto,19
hoc analysis,19
relationships internal,19
demonstrated experience,19
required regulatory,19
required compliance,19
status military,19
required work,19
government regulations,19
sick leave,19
10 paid,19
experience location,19
leading provider,19
potential issues,19
ability provide,19
hoc reports,19
strategic plan,19
90 days,19
aml kyc,19
life ad,19
performance management,19
meeting deadlines,19
year college,19
team ensure,19
proficiency ms,19
collaborate internal,19
extensive experience,19
possess strong,19
work remotely,19
timely completion,19
highly desirable,19
employee resource,19
working within,19
organization compliance,18
supporting documentation,18
environment employees,18
manager senior,18
skills effective,18
employer paid,18
products including,18
2 5,18
15 years,18
please send,18
expression national,18
positive impact,18
offers comprehensive,18
also include,18
highly skilled,18
years prior,18
time job,18
summary compliance,18
requirements assist,18
law related,18
k retirement,18
program employee,18
knowledge banking,18
environment free,18
drive business,18
ofac compliance,18
identify compliance,18
build relationships,18
motivated self,18
across various,18
aml sanctions,18
non exempt,18
primarily responsible,18
department managers,18
willingness travel,18
regulatory guidelines,18
issue management,18
security compliance,18
includes medical,18
creating inclusive,18
regulated industry,18
hedge fund,18
plan paid,18
relevant compliance,18
consulting firm,18
risk identification,18
addition base,18
join dynamic,18
regional compliance,18
word processing,18
ability present,18
responsibilities manage,18
detail excellent,18
must strong,18
functions position,18
plus years,18
experience finance,18
operations including,18
officer compliance,18
opportunity make,18
across firm,18
bancorporation committed,18
department compliance,18
business goals,18
ability research,18
two 2,18
health plan,18
small businesses,18
related area,18
act bsa,18
implement compliance,18
organization including,18
job role,18
employer veterans,18
business intelligence,18
related discipline,18
disability medical,18
hands arms,18
experience healthcare,18
teams develop,18
thorough knowledge,18
business requirements,18
fast growing,18
based company,18
monitoring activities,18
karl storz,18
office equipment,18
risk analysis,18
roles responsibilities,18
19 vaccination,18
excel access,18
stay abreast,18
work u,18
generally accepted,18
registered representatives,18
improve processes,18
prioritize work,18
ancestry citizenship,18
program management,18
origin veteran,18
prepare financial,18
country origin,18
abilities required,18
job qualifications,18
administration regulations,18
primary focus,18
training sessions,18
information including,18
work business,18
regard age,18
2 4,18
based role,18
support internal,18
high performing,18
duty satisfactorily,18
experience building,18
applicants criminal,18
considered position,18
applying job,18
well organized,18
national life,18
operations finance,18
iso 27001,18
work pressure,18
contract requirements,18
based race,18
committed diversity,18
food safety,18
operational compliance,18
hard working,18
assigned job,18
tasks simultaneously,18
inclusion workplace,18
direct hire,18
offer range,18
requirements must,17
identify risks,17
commercial real,17
ability quickly,17
education work,17
compliance operational,17
officer role,17
minimum 1,17
looking add,17
stay current,17
requirements company,17
banking compliance,17
strong ability,17
external clients,17
end close,17
implement policies,17
requirements e,17
stay updated,17
accepted accounting,17
helping people,17
executive level,17
orientation national,17
culture values,17
family leave,17
compliance obligations,17
clients communities,17
selves work,17
program tuition,17
investment company,17
documentation compliance,17
security clearance,17
management staff,17
law degree,17
include comprehensive,17
works well,17
sales marketing,17
identify assess,17
real time,17
leaves absence,17
monthly financial,17
65 000,17
appropriate action,17
finance operations,17
teams ensure,17
every employee,17
ability required,17
commitment diversity,17
assigned business,17
exciting opportunity,17
compliance quality,17
tax returns,17
essential duty,17
services company,17
compliance rules,17
visit website,17
capital management,17
may require,17
preparation submission,17
accommodation requests,17
new ideas,17
systems ensure,17
pregnancy disability,17
consider employment,17
front office,17
time sensitive,17
regulatory experience,17
maintain current,17
complete part,17
base compensation,17
compliance violations,17
benefits program,17
activity reports,17
includes limited,17
principles practices,17
family medical,17
discriminate based,17
seeking highly,17
team work,17
pregnancy childbirth,17
per month,17
maintaining compliance,17
business results,17
periods time,17
online application,17
ability write,17
states america,17
comprehensive medical,17
insurance defense,17
knowledge accounting,17
lift move,17
customs compliance,17
testing program,17
holidays per,17
critical success,17
identity disability,17
employment decisions,17
program eap,17
organize prioritize,17
estate planning,17
protected categories,17
vision 401k,17
ba bs,17
support staff,17
investment products,17
processes compliance,17
skills bachelor,17
team help,17
requirements applicable,17
overall compliance,17
control management,17
representative must,17
must demonstrate,17
highly analytical,17
environment work,17
regulatory risk,17
duties position,17
required position,17
activities related,17
qualifications 5,17
training needs,17
benefits health,17
mergers acquisitions,17
financial analyses,17
financial well,17
recruitment process,17
relevant field,17
k matching,17
valid driver,17
thinking problem,17
industry strong,17
accounting firm,17
quality improvement,17
day one,17
power point,17
service skills,17
designed help,17
excellent attention,17
run something,17
matching program,17
bonus benefits,17
401k plan,17
services compliance,17
perform work,17
audit procedures,17
description position,17
training employees,17
fastest growing,17
reporting compliance,17
e mail,17
compliance business,17
time position,17
effective working,16
please submit,16
related information,16
background checks,16
risk analyst,16
operations teams,16
review compliance,16
accordance company,16
strong excel,16
good judgment,16
deadline driven,16
looking experienced,16
present information,16
state regulators,16
possess excellent,16
work plan,16
procedures standards,16
comply applicable,16
upon request,16
role support,16
help ensure,16
within department,16
ability think,16
least 2,16
executive leadership,16
professional certification,16
compliance various,16
email hr,16
attorney join,16
process owners,16
physical disability,16
000 annually,16
testing monitoring,16
executive team,16
demonstrate ability,16
including preparation,16
help make,16
control framework,16
consumer privacy,16
encouraged apply,16
audit program,16
compliance control,16
looking someone,16
stakeholders across,16
experience regulatory,16
great benefits,16
within compliance,16
export classification,16
series 24,16
understand business,16
expert knowledge,16
sounds like,16
desired qualifications,16
management software,16
role provide,16
new skills,16
management financial,16
lead role,16
support guidance,16
requirements minimum,16
responsible performing,16
additional duties,16
cftc nfa,16
management policies,16
clearly concisely,16
plus ability,16
cannabis industry,16
market research,16
requirements qualifications,16
day operations,16
maintains compliance,16
employment including,16
matters related,16
oriented environment,16
mitigate risk,16
outside business,16
americans disabilities,16
verbally writing,16
talk hear,16
community health,16
services business,16
based individual,16
financial forecasting,16
stand walk,16
sound risk,16
supervisory procedures,16
electronic communications,16
issues including,16
based eligibility,16
compliance work,16
relevant information,16
wholly owned,16
role must,16
perform ad,16
experience corporate,16
strategic goals,16
minimum three,16
multi tasking,16
quality systems,16
position please,16
weeks paid,16
years accounting,16
including word,16
general knowledge,16
one following,16
officer cco,16
legal support,16
procedures policies,16
responsible monitoring,16
implement corrective,16
new hire,16
believe diversity,16
state insurance,16
needed qualifications,16
skills self,16
always looking,16
company benefits,16
company values,16
services clients,16
collaborative team,16
across globe,16
patient care,16
current knowledge,16
health services,16
150 000,16
take pride,16
origin sex,16
responsibilities qualifications,16
data identify,16
complex data,16
safety compliance,16
development new,16
color gender,16
selection process,16
ongoing training,16
career advancement,16
skills well,16
inclusion diversity,16
insurance plans,16
throughout year,16
changes regulatory,16
associate degree,16
independently team,16
please let,16
accreditation state,16
vary depending,16
client needs,16
race sex,16
experience highly,16
matters including,16
generous pto,16
group inc,16
experience business,16
controls testing,16
fair banking,16
ensuring accuracy,16
qualifications 3,16
management ensure,16
party vendors,16
issues arise,16
must least,16
salary determined,16
status national,16
english spanish,16
term incentive,16
provide leadership,16
plan company,16
compliance advisory,16
reports directly,16
required applicable,16
next step,16
listed representative,16
administration accounting,16
security risk,16
site visits,16
consumer financial,16
time time,16
making sound,16
related skills,16
control gaps,16
industry leader,16
harassment type,16
cyber security,16
origin citizenship,16
compliance systems,16
places work,16
relevant regulations,16
opportunities employees,16
requirements ensure,16
environment experience,16
modeling skills,16
conflict interest,16
market risk,15
trend analysis,15
include following,15
partner business,15
committed fostering,15
sound business,15
code compliance,15
required documentation,15
experience performing,15
highest level,15
job seekers,15
stay date,15
cross border,15
protected class,15
excellent problem,15
team position,15
spending account,15
driven environment,15
practice law,15
risk manager,15
communicate complex,15
within established,15
natural gas,15
corporate development,15
upon hire,15
federal regulatory,15
ensuring adherence,15
compliance colleagues,15
customers communities,15
independently collaboratively,15
controls ensure,15
60 000,15
analyzing data,15
regulations pertaining,15
trade agreements,15
related inquiries,15
maintain update,15
compliance procedures,15
swap dealer,15
phone calls,15
company western,15
providing support,15
party risk,15
maintain relationships,15
right thing,15
recruiting hiring,15
support financial,15
understanding regulatory,15
banking financial,15
volunteer time,15
workers compensation,15
excel experience,15
skills working,15
area responsibility,15
computer science,15
need succeed,15
personal professional,15
disabilities act,15
financial decisions,15
position require,15
job id,15
skills verbal,15
finance experience,15
reserves right,15
performance company,15
diverse teams,15
world largest,15
reports presentations,15
stakeholder engagement,15
requirements requirements,15
ability multitask,15
personal financial,15
management perform,15
senior manager,15
publicly traded,15
accommodations applicants,15
preferred education,15
policy changes,15
external parties,15
program includes,15
security privacy,15
requirements industry,15
comprehensive knowledge,15
position offers,15
address compliance,15
examinations audits,15
must proficient,15
national general,15
corporate governance,15
insurance 401k,15
new revised,15
new hires,15
pension plan,15
alcohol policy,15
description designed,15
program company,15
projects including,15
legal matters,15
persons disabilities,15
successful completion,15
powerpoint excel,15
experience reviewing,15
successful role,15
employer value,15
trade surveillance,15
program development,15
anchorage digital,15
office foreign,15
120 000,15
free discrimination,15
company financial,15
team provide,15
analyze complex,15
successful candidates,15
military experience,15
skills proven,15
sr financial,15
compliance auditing,15
sales team,15
requires strong,15
analysis tools,15
key financial,15
000 110,15
foster culture,15
time salary,15
submit resume,15
office work,15
review analyze,15
regulations company,15
functions including,15
prioritize tasks,15
dallas tx,15
well internal,15
related regulatory,15
management including,15
delivering high,15
opportunity employment,15
potential risk,15
management regulatory,15
service experience,15
intended describe,15
financial risks,15
skills highly,15
levels within,15
risk decisions,15
visit https,15
good understanding,15
audits ensure,15
organization strong,15
meet criteria,15
high pressure,15
field minimum,15
minimum 7,15
company business,15
key controls,15
act regulation,15
4 year,15
employer f,15
physical financial,15
peace mind,15
ensure alignment,15
request reasonable,15
healthcare industry,15
expression genetic,15
assessments identify,15
job join,15
annual financial,15
right candidate,15
accounting software,15
benefit package,15
employees compliance,15
pharmaceutical industry,15
compliance professionals,15
veteran military,15
report directly,15
related medical,15
origin marital,15
providing high,15
owned subsidiary,15
keen attention,15
suite word,15
team support,15
ability drive,15
compliance hotline,15
committed diverse,15
leave paid,15
committed working,15
working providing,15
document management,15
within company,15
audit regulatory,15
experience related,15
enhanced due,15
performance improvement,15
annual reports,15
knowledge business,15
state art,15
responsible overseeing,15
understanding business,15
outlook word,15
degree relevant,15
leading financial,15
sales trading,15
program ensure,15
vision dental,15
effectively present,15
business environment,15
training support,15
requirements met,15
veteran disability,15
subject line,15
hybrid working,15
working model,15
independently well,15
section 8,15
role within,15
programs policies,15
social compliance,15
systems including,15
medical leave,15
timely fashion,15
poster supplement,15
origin protected,15
work part,15
compliance bank,15
loan documentation,15
disabled protected,15
office software,15
met employee,15
employee successfully,15
requirements compliance,15
wide array,15
management company,15
privacy act,15
management framework,14
financial solutions,14
track report,14
bonus plan,14
application interview,14
management responsible,14
chicago il,14
operational policies,14
key compliance,14
know customer,14
annual salary,14
committee meetings,14
identify resolve,14
tax filings,14
website www,14
manage aspects,14
privacy officer,14
summary position,14
skills education,14
job openings,14
sharing information,14
improvement initiatives,14
management services,14
manage time,14
status reports,14
administration related,14
job employee,14
position requirements,14
related health,14
policies regulations,14
level experience,14
candidates applying,14
suite including,14
decision support,14
develop effective,14
meet exceed,14
salary may,14
applications including,14
adapt changing,14
description job,14
operations team,14
assigned tasks,14
benefit plans,14
sanctions compliance,14
issues provide,14
complex risk,14
ensure ongoing,14
responsibilities perform,14
work together,14
grow us,14
email subject,14
technical assistance,14
regulatory exams,14
development compliance,14
ability willingness,14
business opportunities,14
giving back,14
oriented strong,14
providing equal,14
employee regularly,14
deadlines strong,14
building relationships,14
transaction monitoring,14
bsa compliance,14
problem solver,14
customer relationships,14
compliance ensure,14
skills detail,14
strong customer,14
commercial lending,14
satisfactorily requirements,14
principles gaap,14
exempt employees,14
analysis identify,14
compliance required,14
complex compliance,14
assist chief,14
need alternative,14
use personal,14
communities live,14
medical conditions,14
assigned areas,14
tasks assigned,14
preferred bachelor,14
red cross,14
works collaboratively,14
alternative method,14
apply knowledge,14
method applying,14
meet compliance,14
401k company,14
understanding compliance,14
management role,14
4 7,14
staff members,14
controls policies,14
backgrounds experiences,14
activities ensure,14
eligibility benefits,14
contractual requirements,14
legal business,14
top tier,14
requirements internal,14
collaborate business,14
pay position,14
program wellness,14
ensure bank,14
continuous process,14
internal financial,14
implementing compliance,14
recognition program,14
education requirements,14
commuter benefits,14
provide oversight,14
compliance guidance,14
design implement,14
national bank,14
ensure effective,14
financial plans,14
transparency nondiscrimination,14
medical staff,14
requirements position,14
broad knowledge,14
health plans,14
software tools,14
team looking,14
medical insurance,14
necessary information,14
assess compliance,14
insurance life,14
primary responsibility,14
application please,14
marketing sales,14
bny mellon,14
vision plans,14
mortgage loan,14
financial group,14
position include,14
least 3,14
job us,14
conduct risk,14
whole selves,14
related laws,14
position responsibilities,14
profit sharing,14
cost effective,14
environmental compliance,14
role hybrid,14
relationship managers,14
subject change,14
position located,14
years industry,14
accounting auditing,14
applicant privacy,14
areas including,14
company act,14
military service,14
data protection,14
lhh com,14
closely business,14
want part,14
standards procedures,14
strong technical,14
global regulatory,14
external compliance,14
role experience,14
best practice,14
high performance,14
legal experience,14
office skills,14
work authorization,14
program position,14
information visit,14
meet regulatory,14
diverse backgrounds,14
proactively identify,14
office excel,14
project managers,14
age veteran,14
management internal,14
customer requirements,14
responsible reviewing,14
required 2,14
perform related,14
management processes,14
crucial role,14
external partners,14
patient safety,14
present findings,14
life cycle,14
remote position,14
analyst position,14
public company,14
preparation financial,14
rapidly changing,14
managing risk,14
new regulatory,14
requirements related,14
conduct research,14
u customs,14
financial systems,14
needed support,14
information ability,14
analyst job,14
strong leadership,14
data gathering,14
regulatory updates,14
complex information,14
make meaningful,14
management employees,14
answer questions,14
opportunity grow,14
compliance field,14
access compensation,14
project finance,14
middle market,14
80 000,14
work related,14
plus experience,14
environment must,14
also committed,14
current industry,14
excellent time,14
use hands,14
grow business,14
data sets,14
abilities ability,14
needs business,14
looking compliance,14
minimum five,14
credit card,14
occasionally required,14
litigation experience,14
large amounts,14
new processes,14
one one,14
guidance business,14
also provide,14
maintain positive,14
relationships business,14
control systems,14
co workers,14
orientation marital,14
occasionally lift,14
improve health,14
arms regulations,14
compliance subject,14
field 1,14
political affiliation,14
religion sexual,14
family companies,14
due disability,13
financial advisor,13
service provider,13
control self,13
union compliance,13
plus excellent,13
work every,13
ensure organization,13
seeking senior,13
experience level,13
nondiscrimination provision,13
basic life,13
addition salary,13
language skills,13
view eeo,13
paid family,13
international regulatory,13
meet business,13
eligibility work,13
california consumer,13
business model,13
401k matching,13
across country,13
regulatory audits,13
training compliance,13
local government,13
looking bring,13
play critical,13
functions responsibilities,13
management finance,13
demonstrate strong,13
international business,13
experience data,13
handle sensitive,13
requirements provide,13
manager compliance,13
private wealth,13
range based,13
strategic business,13
basis disability,13
ability lead,13
state law,13
00 per,13
medical vision,13
help grow,13
work directly,13
category protected,13
member fdic,13
procedures practices,13
new laws,13
inclusive work,13
within outside,13
adherence applicable,13
accurate complete,13
specialist join,13
time work,13
activities within,13
including risk,13
relevant business,13
supervision ability,13
banking laws,13
15 days,13
committed building,13
issues may,13
procedures provide,13
identifying potential,13
accommodations individuals,13
working world,13
compliance strategy,13
better working,13
new initiatives,13
regulatory standards,13
diligence reviews,13
travel 10,13
number factors,13
assist management,13
including new,13
office word,13
guidance training,13
team within,13
compliance knowledge,13
location job,13
related programs,13
high attention,13
level knowledge,13
skills high,13
prepare monthly,13
generous benefits,13
action equal,13
communicate findings,13
regulations experience,13
good working,13
conduct business,13
balance sheets,13
operational regulatory,13
experience drafting,13
transaction processing,13
work office,13
york life,13
excellent opportunity,13
ability coordinate,13
solve problems,13
development training,13
assisting compliance,13
work one,13
new regulations,13
creating diverse,13
interactive brokers,13
benefit programs,13
microsoft suite,13
directly related,13
vision benefits,13
insurance employee,13
ad insurance,13
compliance assurance,13
financial operations,13
company internal,13
age color,13
experienced compliance,13
required 3,13
degree 2,13
conducting compliance,13
10 pounds,13
respond questions,13
industry practices,13
export regulations,13
owned business,13
describe general,13
maintain high,13
international traffic,13
traffic arms,13
handle feel,13
plus required,13
regulations ear,13
experience field,13
risk areas,13
assessment process,13
40 hours,13
required sit,13
tp icap,13
demands described,13
non financial,13
impact company,13
associates degree,13
progressive experience,13
years progressive,13
software systems,13
specialist position,13
risks opportunities,13
compliance managers,13
employees expected,13
associate join,13
part global,13
advance career,13
complete required,13
additional details,13
preferred equivalent,13
administrative tasks,13
controls mitigate,13
salary 100,13
prohibits discrimination,13
accurately timely,13
independently part,13
diverse team,13
knowledge sec,13
conduct investigations,13
provide reasonable,13
celebrate diversity,13
teams across,13
student loan,13
based business,13
related topics,13
world best,13
findings management,13
regulations well,13
collecting analyzing,13
provide ongoing,13
foreign assets,13
stakeholders ensure,13
lending compliance,13
insurance vision,13
issues concerns,13
care facilities,13
certification process,13
management data,13
collaborate effectively,13
business area,13
general supervision,13
requirements include,13
every stage,13
effectively levels,13
industry regulations,13
members compliance,13
tracking reporting,13
tasks projects,13
bonus based,13
quality standards,13
assist regulatory,13
holidays paid,13
histories manner,13
relationships across,13
support services,13
eligible roles,13
policy applies,13
experience public,13
identify key,13
procedures perform,13
accounting standards,13
supporting compliance,13
throughout united,13
programs meet,13
conduct internal,13
requirements experience,13
economics related,13
description summary,13
years corporate,13
statutes regulations,13
charles river,13
term life,13
right work,13
ability meet,13
company holidays,13
c tpat,13
work dynamic,13
information marital,13
expected work,13
must bachelor,13
knowledge laws,13
compliance research,13
knowledge ability,13
management operations,13
google suite,13
ensure financial,13
maintenance compliance,13
compliance teams,13
management position,13
washington c,13
hybrid 3,13
customer complaints,13
send resume,13
around globe,13
audit results,13
drug test,13
inc equal,13
customer focus,13
bsa officer,13
services experience,13
legal research,13
discretionary incentive,13
including excel,13
reports including,13
analysis including,13
required law,13
provide excellent,13
marketing compliance,13
proficiency excel,13
execute tasks,13
regulations rules,13
relationship building,13
requests information,13
renewable energy,13
desire learn,13
ways improve,13
salary benefits,13
environment everyone,13
export controls,13
compliance preferred,13
provide strategic,13
reporting financial,13
set forth,13
responsibilities prepare,13
privacy compliance,13
problem solve,13
needed assist,13
shared services,13
legislative regulatory,13
related projects,13
university degree,13
based approach,13
state bar,13
work product,13
support need,13
controls place,13
senior leaders,13
medicare medicaid,13
regulatory authorities,13
washington dc,13
ability adapt,13
deposit lending,13
working team,13
strategic thinking,13
office locations,13
accommodation order,13
job opening,13
complex legal,13
information data,13
accounting systems,13
audits assessments,13
casualty insurance,13
finance compliance,13
resume word,13
california residents,13
working together,13
data quality,13
position description,12
english language,12
preferred certified,12
client base,12
strong oral,12
assurance specialist,12
frequently required,12
employees receive,12
employees provide,12
change time,12
risk business,12
compliance responsibilities,12
may substituted,12
compliance gaps,12
improve efficiency,12
required stand,12
bank bank,12
protection laws,12
daily operations,12
without notice,12
may arise,12
hard work,12
list responsibilities,12
regulatory landscape,12
aercap materials,12
operations management,12
105 000,12
industry required,12
compliance assessments,12
preferred 3,12
serve point,12
eligible work,12
gather analyze,12
learn benefits,12
employment drug,12
days paid,12
compliance organization,12
accredited college,12
depending location,12
work company,12
looking hire,12
age status,12
related tasks,12
one nation,12
across departments,12
knowledge relevant,12
research analyze,12
licensing requirements,12
company looking,12
knowledge industry,12
conduct periodic,12
us zone,12
four year,12
accommodations candidates,12
provide technical,12
mindset ability,12
200 locations,12
truth lending,12
analyzing financial,12
exceptional analytical,12
per day,12
coaching training,12
manager crcm,12
addition position,12
compliance privacy,12
development programs,12
across different,12
security controls,12
use data,12
member team,12
management required,12
continuous learning,12
documents including,12
help people,12
may contact,12
risks ensure,12
annual discretionary,12
excel pivot,12
ongoing monitoring,12
company offers,12
operational support,12
credit reports,12
required support,12
actual compensation,12
health support,12
45 000,12
materials including,12
compliance manage,12
experience high,12
north american,12
create positive,12
new employees,12
help create,12
prioritize workload,12
systems experience,12
disability veterans,12
file audits,12
make positive,12
office setting,12
assist head,12
disability gender,12
department staff,12
site health,12
risk issues,12
developing maintaining,12
denver co,12
consistent requirements,12
absence compensation,12
insurance dental,12
ability thrive,12
accuracy compliance,12
jersey resources,12
insurance retirement,12
specific job,12
complex concepts,12
support regulatory,12
compliance software,12
risk ensure,12
reporting experience,12
assigned requirements,12
program activities,12
regulations compliance,12
washington state,12
play crucial,12
labor compliance,12
tax credit,12
priorities meet,12
within firm,12
years previous,12
standards regulations,12
audits identify,12
overall business,12
head ccd,12
development management,12
market conduct,12
position assist,12
comprehensive compliance,12
management organizational,12
company office,12
status physical,12
based compliance,12
dynamics 365,12
identified issues,12
senior auditor,12
north carolina,12
business owners,12
800 53,12
k match,12
audit testing,12
state specific,12
business law,12
sick days,12
take initiative,12
flexible adaptable,12
assist review,12
long range,12
common sense,12
assets control,12
set priorities,12
nist 800,12
considered employment,12
race ethnicity,12
difference lives,12
legal services,12
monitor analyze,12
applicants considered,12
operational needs,12
lieu degree,12
relevant regulatory,12
internal customers,12
compliance client,12
reports findings,12
laws governing,12
integrity compliance,12
daily basis,12
term incentives,12
contribute development,12
employment law,12
day compliance,12
juris doctorate,12
various levels,12
soc 2,12
deep knowledge,12
may considered,12
term care,12
reporting management,12
chief executive,12
requirements procedures,12
responsible leading,12
bank equal,12
manage regulatory,12
assist preparing,12
experience credit,12
customer support,12
reports compliance,12
compliance concerns,12
provide regular,12
compliance officers,12
reports business,12
benefits designed,12
compliance vulnerability,12
bribery corruption,12
dynamic fast,12
location role,12
ability plan,12
licenses certifications,12
may work,12
global workforce,12
analyst location,12
simultaneously ability,12
procedures applicable,12
departments including,12
analysis data,12
candidate responsible,12
responsibilities assigned,12
conduct training,12
remediation issues,12
pre post,12
including senior,12
current employees,12
audits internal,12
provide feedback,12
audit team,12
possess ability,12
projects required,12
com call,12
back office,12
accordance bank,12
early stage,12
compliance strategies,12
regulatory reports,12
certified public,12
credit analysis,12
time constraints,12
manager also,12
click applicants,12
conducting internal,12
training records,12
procedures work,12
qualifications knowledge,12
work flexible,12
know rights,12
verify compliance,12
based regulatory,12
standards well,12
business banking,12
business group,12
compliance financial,12
financial metrics,12
banking lending,12
work culture,12
identify recommend,12
filing requirements,12
learn company,12
welcome applications,12
state arizona,12
application hiring,12
learning opportunities,12
position hybrid,12
data integrity,12
revenue recognition,12
continuously improve,12
bs degree,12
audit engagements,12
issues timely,12
procedures conduct,12
degree higher,12
love hear,12
supplemental life,12
must capable,12
strong proficiency,12
u government,12
career company,12
deliver training,12
strategic decision,12
excel financial,12
well pressure,12
player ability,12
well team,12
work hours,12
variety benefits,12
preferred 2,12
following duties,12
operational areas,12
assist business,12
paced dynamic,12
timely effective,12
knowledge state,12
responsibilities review,12
industry preferred,12
corporate policies,12
write reports,12
responsible maintaining,12
fp team,12
fraud prevention,12
strong focus,12
service accrue,12
stakeholders including,12
requirements maintain,12
full compliance,12
across enterprise,12
matters relating,12
com please,12
written reports,12
conviction records,12
2 000,12
needed ensure,12
service oriented,12
data reporting,12
prepare submit,12
disability life,12
similar role,12
disability marital,12
effectively team,12
accounting budgeting,12
build better,12
data support,12
reviews ensure,12
ait worldwide,12
compliance lead,12
within bank,12
within range,12
banking experience,12
disability need,12
manage risk,12
various regulatory,12
50 000,12
apply career,12
may modified,12
excellent computer,12
identify new,12
business conduct,12
regulatory policies,12
help others,12
company medical,12
serve subject,12
qualified individual,12
values diversity,12
internal equity,12
time policy,12
compliance investigations,12
industry related,12
business plans,12
powerpoint skills,12
effectively prioritize,12
cost proposal,12
reinvestment act,12
arrest conviction,12
services including,12
role primarily,12
unique opportunity,12
web based,12
work model,12
budgets forecasts,12
customs brokers,12
positive working,12
new mexico,12
potential violations,12
claims act,12
health centers,12
let us,12
audits examinations,12
description compliance,12
provide input,12
least 5,12
program responsibilities,12
flexible schedule,12
legally authorized,12
related fields,12
interpret complex,12
community reinvestment,12
tariff schedule,12
product offerings,12
206 4,12
hybrid office,12
improvement opportunities,12
management audit,12
employee rights,12
ability adjust,12
training communications,12
officer position,12
chance ordinance,12
assist various,12
verbal communications,12
must legally,12
across functions,11
required excellent,11
narda miteq,11
management industry,11
unique perspectives,11
highly proficient,11
process provide,11
implementing policies,11
job duty,11
cash management,11
age gender,11
technology services,11
sarbanes oxley,11
manage effective,11
become part,11
senior executives,11
jurisdiction classification,11
ever changing,11
communicate clearly,11
approval process,11
recommend implement,11
credit unions,11
analysis business,11
professional join,11
oversight compliance,11
able travel,11
audit requests,11
potential impact,11
team provides,11
review marketing,11
achieve mission,11
000 90,11
degree preferably,11
oversight monitoring,11
apply may,11
employees enjoy,11
noise level,11
information characteristic,11
research skills,11
statements intended,11
health system,11
duties skills,11
banking services,11
finance equivalent,11
work internal,11
minimum 8,11
develop compliance,11
provide actionable,11
existing new,11
efficiency effectiveness,11
team well,11
standards including,11
tools e,11
audit plan,11
support clients,11
required employment,11
higher education,11
years working,11
people diverse,11
line second,11
creative solutions,11
implement appropriate,11
complex situations,11
family law,11
hybrid position,11
j degree,11
quarterly financial,11
anti boycott,11
able read,11
read write,11
building maintaining,11
training team,11
employees assigned,11
personal family,11
new clients,11
compliance key,11
corporate legal,11
serves liaison,11
business business,11
ability gather,11
blue sky,11
within business,11
sense belonging,11
regulatory policy,11
multiple competing,11
personal computer,11
experience us,11
controls processes,11
work autonomously,11
value added,11
exceptional organizational,11
procedures support,11
actively participate,11
new policies,11
ensure internal,11
desire work,11
team strong,11
skills talents,11
resolve complex,11
task prioritize,11
participate development,11
strict deadlines,11
forecasting budgeting,11
e commerce,11
opportunity please,11
must authorized,11
exceptional service,11
help drive,11
functional area,11
depth understanding,11
external reporting,11
employee compliance,11
projects related,11
officer must,11
activities include,11
community development,11
employee relations,11
pc skills,11
functions include,11
work options,11
self assessment,11
range estimate,11
collective bargaining,11
minimal oversight,11
compliance examinations,11
sr compliance,11
among factors,11
openings posted,11
applicants disabilities,11
qualifications must,11
management reports,11
skills essential,11
act employee,11
leave act,11
changes new,11
rights responsibilities,11
including financial,11
information documentation,11
stress testing,11
1st line,11
solving ability,11
ensuring company,11
assigned position,11
sexual orientations,11
please refer,11
company committed,11
schedule full,11
drive innovation,11
employee benefit,11
high standards,11
perks benefits,11
various projects,11
health information,11
assure compliance,11
independently minimal,11
minimum 4,11
audits including,11
data systems,11
knowledge us,11
premium audit,11
would love,11
industry including,11
dynamic work,11
perform research,11
basic understanding,11
management assist,11
may apply,11
contingent upon,11
applications employment,11
deadlines fast,11
focus building,11
requirements work,11
project manager,11
documentation support,11
mental physical,11
regulatory risks,11
ensure program,11
mitigate potential,11
u citizenship,11
review testing,11
gap analysis,11
compliance u,11
paid leave,11
status basis,11
pregnancy sexual,11
required reasonable,11
highest ethical,11
abreast regulatory,11
position title,11
regulations guidance,11
skill level,11
owned company,11
existing products,11
advanced experience,11
service excellence,11
information requests,11
review financial,11
new amended,11
best places,11
annual risk,11
member good,11
product engineering,11
business hours,11
global investment,11
responsibilities required,11
regulatory submissions,11
4 6,11
vital role,11
required 1,11
best work,11
130 000,11
process control,11
lines defense,11
closing funding,11
vendor relationships,11
depending experience,11
consumer products,11
administration law,11
required advanced,11
opportunities grow,11
company position,11
industry compliance,11
willingness work,11
solving decision,11
foster environment,11
activities may,11
candidates contacted,11
skills work,11
ensure policies,11
reporting process,11
reports director,11
financial health,11
management preferred,11
continues grow,11
minimum 10,11
global organization,11
eeo policy,11
executive officer,11
work week,11
public private,11
related risk,11
security requirements,11
hipaa privacy,11
work high,11
manage team,11
professional skills,11
credit reporting,11
reporting act,11
employee polygraph,11
insurance solutions,11
environment team,11
members clients,11
department management,11
audit activities,11
building skills,11
responsibilities analyze,11
business teams,11
operating systems,11
disabled veterans,11
polygraph protection,11
workforce reflects,11
paid short,11
key member,11
claims management,11
certifications licenses,11
provides compliance,11
market leading,11
entry level,11
provides direction,11
lending act,11
data visualization,11
reporting packages,11
starter ability,11
cash app,11
planning activities,11
need bachelor,11
related industry,11
work required,11
people first,11
compliance staff,11
applying please,11
promotion termination,11
strong organization,11
strong writing,11
managing regulatory,11
termination layoff,11
disability require,11
hoc reporting,11
direct supervision,11
database management,11
forward thinking,11
bank member,11
head office,11
based skills,11
word outlook,11
anti kickback,11
information respond,11
faith estimate,11
information state,11
wellness centers,11
care coverage,11
billion assets,11
please provide,11
minorities women,11
proficiency using,11
employee needs,11
programs ensure,11
annual base,11
accounting functions,11
organizational analytical,11
financial coaching,11
related factors,11
maintains drug,11
management development,11
collaborative work,11
available position,11
sex color,11
requirements strong,11
experience creating,11
ability clearly,11
1 000,11
career path,11
organized detail,11
team lead,11
healthcare providers,11
benefits 401,11
exercise independent,11
including local,11
workplace everyone,11
job purpose,11
remote hybrid,11
excel power,11
crimes compliance,11
procedures assist,11
reimbursement program,11
preferred understanding,11
help develop,11
childbirth related,11
insurance health,11
business loan,11
years recent,11
develop execute,11
quality system,11
management tools,11
insurance ad,11
conduct site,11
securities inc,11
accurate records,11
resource planning,11
h e,11
ability deal,11
solid knowledge,11
e b,11
document review,11
reporting systems,11
management board,11
cutting edge,11
laws regulatory,11
bs ba,11
responsibilities monitor,11
gender including,11
responsibilities job,11
assigned required,11
security operations,11
necessary support,11
provide equal,11
quickly learn,11
itar ear,11
standard office,11
develop strategies,11
provides reasonable,11
financial goals,11
solving abilities,11
finra rules,11
technical expertise,11
state compliance,11
excellent organization,11
compliance advice,11
actual salary,11
required employees,11
time join,11
staff management,11
compliance solutions,11
accept unsolicited,11
critical illness,11
action plan,11
benefits provided,11
loss mitigation,11
meet every,11
take new,11
business impact,11
business personal,11
company matching,11
grants compliance,11
government agency,11
mortgage lending,11
oversee compliance,11
accountant join,11
k company,11
system compliance,11
field compliance,11
regulations knowledge,11
regulations ensure,11
control related,11
status genetics,11
mission values,11
deadlines ability,11
plan employer,11
annual evaluation,11
every single,11
risks develop,11
operations business,11
american express,11
k savings,11
advanced proficiency,11
also required,11
meaningful work,11
summary reporting,11
regulations strong,11
compliance leadership,11
first year,11
process perform,11
bank arizona,11
highly regulated,11
working fast,11
offers innovative,11
preparing reports,11
analyst work,11
top priority,11
banking commercial,11
including race,11
innovative financial,11
collection analysis,11
contact human,11
experience practicing,11
advanced microsoft,11
reports data,11
update maintain,11
issues appropriate,11
need accommodation,11
reporting senior,11
employee volunteer,11
established policies,11
position generally,11
criminal background,11
companies operate,11
assigned education,11
chief risk,11
us build,11
marketing advertising,11
k employer,11
customs regulations,11
mortgage compliance,11
field 2,11
play key,11
certified anti,11
processes related,11
compliance across,11
banking consumer,11
requirements business,11
disability basis,11
case management,11
related financial,11
age genetic,11
experience internal,11
functional team,11
hiring placement,11
responsibilities responsible,11
corporate law,11
insurance time,11
job postings,11
applies terms,11
fortune 100,11
areas business,11
teamwork skills,11
keep abreast,11
success equal,11
contract management,11
well health,11
program addition,11
stakeholders ability,11
pay benefits,11
assist special,10
specialist role,10
social responsibility,10
efficiently effectively,10
decisions made,10
categories click,10
assist monitoring,10
directly responsible,10
management regarding,10
operational performance,10
performing essential,10
years management,10
control issues,10
regulatory business,10
management appropriate,10
related functions,10
company performance,10
supplement employee,10
business solutions,10
click links,10
implementing maintaining,10
equal pay,10
comprehensive understanding,10
training requirements,10
projects assist,10
notices eeo,10
vision prescription,10
ensure quality,10
ability exercise,10
following notices,10
financial security,10
volunteer program,10
least 1,10
develop new,10
help family,10
southern california,10
view following,10
full range,10
compliance corporate,10
per hour,10
strategic direction,10
expression disability,10
regulations best,10
order ensure,10
planning forecasting,10
analytical support,10
experience work,10
life group,10
links view,10
timely basis,10
000 bonus,10
people want,10
line compliance,10
drug testing,10
meaningful impact,10
best interest,10
big 4,10
salaries ownership,10
genders sexual,10
projects work,10
experience providing,10
mortgage loans,10
compliance group,10
clients customers,10
land use,10
creating maintaining,10
equity capital,10
administration finance,10
related internal,10
client facing,10
perfect fit,10
veterans individuals,10
analyst provide,10
countries races,10
internal partners,10
requirements well,10
equal credit,10
compliance position,10
skills exceptional,10
filings including,10
field experience,10
issues ability,10
climate change,10
stake company,10
identify analyze,10
job opportunity,10
lead manage,10
quarterly reports,10
time great,10
ownership stake,10
fair credit,10
financial forecasts,10
cultures countries,10
great 401k,10
please call,10
serves resource,10
help customers,10
privacy laws,10
u citizen,10
consideration without,10
york new,10
transactions including,10
annual performance,10
beliefs generations,10
various stakeholders,10
internal processes,10
respond requests,10
complex regulatory,10
vision coverage,10
information company,10
business groups,10
team ideal,10
documentation including,10
opportunity growth,10
employment city,10
performance measures,10
upon completion,10
plan effectiveness,10
products offered,10
risk factors,10
orientations disabilities,10
requires accommodation,10
applicants learn,10
solving problems,10
fluent english,10
also includes,10
complex technical,10
resources department,10
disabilities beliefs,10
end user,10
people management,10
complex projects,10
safety quality,10
responsibilities including,10
providing legal,10
needed including,10
title senior,10
human resource,10
500 00,10
customers employees,10
vulnerability risk,10
firm wide,10
banking industry,10
awareness regulatory,10
related governance,10
full potential,10
make sound,10
securities industry,10
state requirements,10
degree plus,10
us citizen,10
information salary,10
years banking,10
information disability,10
risk programs,10
clean harbors,10
115 000,10
financial service,10
state licensing,10
detail organizational,10
state agencies,10
oversight guidance,10
regulations conduct,10
guidance direction,10
level integrity,10
create update,10
make better,10
religion disability,10
without discrimination,10
business services,10
unit risk,10
skills effectively,10
support needed,10
implement new,10
business issues,10
experience help,10
including state,10
control design,10
written ability,10
stage career,10
outlook powerpoint,10
strategic plans,10
supervisory experience,10
abilities excellent,10
hospitality group,10
schulte hospitality,10
detail analytical,10
credible challenge,10
northern bank,10
recognition programs,10
advanced computer,10
job expectations,10
value proposition,10
management insurance,10
analysis assist,10
interpret apply,10
pregnancy marital,10
experience 1,10
highest quality,10
safety health,10
regulatory reputational,10
securities exchange,10
monitor progress,10
clinical research,10
bank company,10
good knowledge,10
driven culture,10
assigned minimum,10
software applications,10
bank products,10
plan medical,10
paced work,10
bank wholly,10
building strong,10
plans including,10
programs employee,10
support overall,10
american red,10
francisco fair,10
action items,10
worldwide logistics,10
state department,10
services support,10
placement promotion,10
immediate consideration,10
training guidance,10
insurance departments,10
business risks,10
organized ability,10
us know,10
maintains positive,10
act anti,10
highest standards,10
successful companies,10
competitive wages,10
community based,10
preparation review,10
working compliance,10
employee must,10
regulations state,10
less experienced,10
responsibilities family,10
175 000,10
regulatory strategies,10
status compliance,10
serve primary,10
may asked,10
company work,10
human rights,10
25 pounds,10
internal procedures,10
reporting data,10
management well,10
reflect changes,10
hr related,10
act pay,10
internal auditors,10
minimum 6,10
provide contact,10
professional level,10
mitigate compliance,10
knowledge ms,10
inside outside,10
managed care,10
venture capital,10
admitted practice,10
affordable programs,10
new compliance,10
flexibility work,10
procedures regulatory,10
assists developing,10
creed color,10
marcus millichap,10
race creed,10
financial future,10
highest levels,10
assurance reviews,10
well others,10
ability balance,10
regular audits,10
members business,10
compensation training,10
control processes,10
us please,10
hoc requests,10
db com,10
accounting reporting,10
collaboration skills,10
without reasonable,10
resolve problems,10
teams drive,10
required assigned,10
specialist work,10
salary commensurate,10
generally ranges,10
results ability,10
government entities,10
reviews audits,10
responsible coordinating,10
part dynamic,10
technology company,10
outside box,10
corporate risk,10
analysis forecasting,10
requirements physical,10
department homeland,10
accounting department,10
advice support,10
developing new,10
homeland security,10
process changes,10
combination following,10
services companies,10
escalate issues,10
financial policies,10
thrive fast,10
intermediate advanced,10
sedentary work,10
responses regulatory,10
service industry,10
broker dealers,10
infectious disease,10
officer assist,10
business trends,10
monitoring systems,10
time away,10
opportunities learn,10
compliance develop,10
payable accounts,10
department state,10
resumes may,10
handle confidential,10
employer funded,10
20 000,10
std ltd,10
collect analyze,10
insurance flexible,10
equivalent demonstrated,10
covid related,10
role eligible,10
following link,10
ensuring business,10
regulations itar,10
one combination,10
drug screen,10
every saturday,10
apply please,10
relevant legal,10
management oversight,10
experience skill,10
layoff recall,10
finance analyst,10
business correspondence,10
make us,10
way work,10
software development,10
bsa training,10
may awarded,10
needed perform,10
supportive environment,10
management activities,10
management develop,10
labor laws,10
payroll processing,10
6 weeks,10
regulations assist,10
state california,10
banking securities,10
audit process,10
monitoring risk,10
fortune 1000,10
range financial,10
control document,10
compliance trainings,10
future evolving,10
responsibilities role,10
develop review,10
details job,10
business accounting,10
100 remote,10
within 2,10
ensure employees,10
experience supporting,10
years proven,10
dynamic team,10
requests required,10
analytical thinking,10
working cross,10
decisions based,10
including base,10
required 5,10
status gender,10
may sent,10
officer report,10
meet employee,10
employees must,10
location remote,10
members across,10
lead team,10
strength diverse,10
resolve compliance,10
assist maintaining,10
eligible bonus,10
contractual obligations,10
actionable insights,10
financial concepts,10
trusted advisor,10
jersey city,10
well independently,10
mba plus,10
projects time,10
expected salary,10
new relic,10
ability utilize,10
high value,10
range factors,10
consumer small,10
based successful,10
sent robert,10
practices processes,10
individuals families,10
compliance environment,10
including anti,10
required provide,10
solution oriented,10
large data,10
advanced skills,10
works independently,10
software experience,10
looking forward,10
benefits employees,10
legal entities,10
role bachelor,10
detailed oriented,10
closing process,10
capabilities skills,10
qualifications capabilities,10
behavioral health,10
qualifications perform,10
manage annual,10
persons hired,10
periodic reviews,10
drive compliance,10
insurance companies,10
com review,10
responsible implementing,10
preferred 5,10
give back,10
prepare present,10
compliance counsel,10
counsel business,10
lexitaslegal com,10
burstein lexitaslegal,10
skills team,10
testing results,10
close vision,10
suite products,10
new changing,10
vision 401,10
business relationships,10
performed employees,10
dedicated providing,10
robert burstein,10
oriented organized,10
medical technology,10
changing regulatory,10
needs health,10
take action,10
detail must,10
making recommendations,10
100 employer,10
trade related,10
management leadership,10
weekly monthly,10
reviewing monitoring,10
marital veteran,10
assist creation,10
law accordance,10
issues trends,10
need know,10
make reasonable,10
responsible preparing,10
11 paid,10
customer satisfaction,10
planning execution,10
processes identify,10
compliance deficiencies,10
deliver innovative,10
assists compliance,10
best customer,10
state business,10
employees within,10
marine corps,10
flexible vacation,10
bribery anti,10
team responsibilities,10
including paid,10
projects tasks,10
500 company,10
career progression,10
advisory compliance,10
team including,10
aclu il,10
benefits please,10
speak clearly,10
job requisition,10
compliance data,10
high energy,10
develop skills,10
judge advocates,10
family care,10
employment related,10
us based,10
provides input,10
add value,10
ride health,10
expression characteristic,10
challenge status,10
relevant stakeholders,10
personal business,10
solutions complex,10
work limited,10
20 years,10
business clients,10
compliance local,10
effective efficient,10
review new,10
assist implementing,10
condition employment,10
one top,10
eeo aa,10
perform internal,10
management risk,10
investment professionals,10
week office,10
full benefits,10
confidential sensitive,10
budget forecast,10
following areas,10
take care,10
vacation time,10
recommend improvements,10
red flags,10
engineering related,10
mission driven,10
officer work,10
key metrics,10
primary point,10
effectively work,10
controls procedures,10
throughout day,10
reporting assist,10
outside organization,10
compliance documentation,10
expert compliance,10
provide insights,10
applicant meet,10
travel needed,10
cibc com,10
financial compliance,10
market conditions,10
help achieve,10
sensitive confidential,10
control regulations,10
rcm program,10
assessment compliance,10
management review,10
banking operations,10
control assessments,10
looking talented,10
firm regulatory,10
business financial,10
mortgage industry,10
position type,10
coaching additional,10
able prioritize,10
plan generous,10
manufacturing company,10
provided hiring,10
regulation e,10
create financial,10
provide direction,10
package designed,10
etc experience,10
compliance certifications,10
verify identity,10
participates e,10
advancement opportunities,10
advice counsel,10
citizenship marital,10
management issues,10
guidance management,10
working independently,10
support operations,10
personal development,10
400 00,10
employer employment,10
needs based,10
support process,10
benefits position,10
clients employees,10
proud offer,10
55 000,10
position support,10
emerging trends,10
maintaining strong,10
trade data,10
also offers,10
certified internal,10
central office,10
condition genetic,10
airport training,10
new accounts,10
able communicate,10
management support,10
holiday pay,10
improve financial,10
experience understanding,10
relocation assistance,10
clear understanding,10
type without,10
risk exposure,10
including providing,10
access financial,10
business technology,10
program related,10
working directly,10
genetics protected,10
program paid,10
issues identified,10
performance metrics,10
resumes sent,10
company sponsored,10
ancestry religion,10
recruiting process,10
financial records,10
